Marca temporal,Nombre Completo,Grupo al que pertenece,Tipo de contrato,Fecha de contratación,Número de Junta,Teléfono,Nombre contacto de Emergencia,Número contacto de Emergencia,TCA USUARIO,Contraseña TCA,Dirección de correo electrónico,Numero de Placa de Carro o Moto
8/7/2026 11:31:17,CRISTIAN VLADIMIR GUIDO ZAPATA,Grupo 2,Hibrido,15/7/2025,24367,76730977,YANCY ELIVENIA ZAPATA DE GUIDO ,76730977,GZ252,TELE2025$.,cristian.guido@doctorsv.gob.sv,
8/7/2026 11:31:28,CRISTIAN ARNOLDO FLORES ARIAS,Grupo 2,Hibrido,22/12/2025,25174,77881441,CARMEN ALICIA ARIAS DE FLORES ,72042158,FA2473,Cristian99,cristian.flores@doctorsv.gob.sv,118B72
8/7/2026 11:32:22,Cindy Lisseth Giron de Baires,Grupo 2,Hibrido,15/7/2025,24598,76453123,Blanca Lidia Santos de Cocar,71481346,GB709,Moises1106,cindy.giron@doctorsv.gob.sv,808-553
8/7/2026 11:34:47,Salvador Renderos Bonilla,Grupo 2,Planilla,9/2/2025,24220,72360165,Silvia Bonilla Villatoro,72195583,RB427,SRB778811$,salvador.renderos@doctorsv.gob.sv,No tengo vehículo
8/7/2026 11:42:16,RICARDO DANIEL CHICAS CHICAS,Grupo 1,Planilla,14/1/2026,25816,78064480,Andrea Michelle Escobar de Chicas,+503 7046 7974,3008,Tele$2026,ricardo.chicas@doctorsv.gob.sv,
8/7/2026 11:42:22,Amalia Jeaneth Reyes Martínez ,Grupo 1,Planilla,26/1/2026,25483,75329246,Mirian Martínez ,72049432,RM3228,TELE$2026,amalia.reyes@doctorsv.gob.sv,P781EA
8/7/2026 11:43:23,Yasmín Eneida López Moreno ,Grupo 1,Planilla,4/5/2026,24732,76406742,Rosa Ibel Moreno De Lopez,69561709,LM15023,TELE2026$,yasmin.lopez@doctorsv.gob.sv,
8/7/2026 11:43:24,Zaira Rebeca Aguilar Zepeda ,Grupo 1,Planilla,26/1/2026,"17,731",6198-7213,Jaime Gutierrez ,6176-6310,AZ3196,TELE$2026,zaira.aguilar@doctorsv.gob.sv,
8/7/2026 11:43:30,Lisbeth Gissel Cruz Rosales,Grupo 1,Planilla,14/1/2026,779-2025,76881758,Guillermina Rosales ,71526152,CC3087,Rosales202,lisbeth.cruz@doctorsv.gob.sv,
8/7/2026 11:43:47,Isaac Flores Hernandez,Grupo 1,Planilla,4/5/2026,25517,75487435,Cristian Josue Flores Hernandez,74500598,FH5299,DOCTORSV2026$,isaac.hernandez@doctorsv.gob.sv,P37CFC
8/7/2026 11:44:01,Carlos Steven Mendez Rivera ,Grupo 1,Planilla,8/7/2026,25233,75959302,Maria olinda rivera de mendez ,26067489,MR3588 ,DoctorSv$2026,carlos.mendez@doctorsv.gob.sv,P856013-2011
8/7/2026 11:44:04,Elizabeth Daniela Reyes Gómez,Grupo 1,Planilla,26/1/2026,829/2025,60098021,78947436,78867444,RG3227,TELE2026$$,elizabeth.reyes@doctorsv.gob.sv,P712EE
8/7/2026 11:44:18,Vanessa Carolina Montano Rivas ,Grupo 1,Planilla,9/2/2026,25428,79134220,75959302,78004074,MR3589,DoctorSV$2026,vanessa.montano@doctorsv.gob.sv,
8/7/2026 11:45:28,Andrew Edilmar Perdomo Rodriguez,Grupo 1,Planilla,15/1/2026,441/2025,71190702,Elsy Vidal Rodriguez,61004462,PR3022,TELE$2026,andrew.perdomo@doctorsv.gob.sv,P86D79
8/7/2026 11:49:07,Carlos Isaac Quintanilla Portillo,Grupo 1,Planilla,18/5/2026,300/2025,72859965,Emmanuel de Jesús Quintanilla ,75959680,QP5421,DOCTORSV2026$,carlos.quintanilla@doctorsv.gob.sv,M509236
8/7/2026 11:51:17,Mirian Gumercinda García Hernández,Grupo 2,Planilla,25/5/2026,25547,69208834,Elvis Samuel García Hernández ,79176187,GH5526,TELE2026$,mirian.garcia@doctorsv.gob.sv,
8/7/2026 11:52:54,LUIS MIGUEL RIVERA PENADO,Grupo 1,Planilla,14/1/2026,16363,71806950,Ruth Campos,60052334,RP3031 ,DoctorSv$2025,luis.penado@doctorsv.gob.sv,Placa P 86 06F y Placa 85 8A9
8/7/2026 11:52:58,ISABEL NATHALIE MARTINEZ AVILA,Grupo 2,Planilla,26/1/2026,23432,79554013,CESAR GABRIEL MARTINEZ AVILA,77836775,MA3202,Sagitario07.12,isabel.avila@doctorsv.gob.sv,P649-821
8/7/2026 11:56:17,Fabricio Josue Funes Canales,Grupo 2,Planilla,15/7/2025,24707,77301844,rhina cecilia canales de funes,72113510,000FFF,Telesalud$2025,fabricio.funes@doctorsv.gob.sv,117CA2
8/7/2026 11:57:43,Emerita Sarai Cruz Canizalez,Grupo 2,Hibrido,15/7/2025,24190,77336876,Jose Luis Cruz Canizalez,76820587,CC998,TELE$2026,emerita.cruz@doctorsv.gob.sv,
8/7/2026 11:58:03,wilmer omar otero sorto,Grupo 2,Hibrido,20/10/2025,"18,755",7921-9412,Karla Peña,7043-6467,000WO0,Cassie2026,wilmer.otero@doctorsv.gob.sv,M799559
8/7/2026 11:58:07,Edward Josué Zelaya Prudencio,Servicios Profesionales,Hibrido,7/2/2025,23431,70319494,Eyra Graciela Prudencio,75359044,ZP428,CITAS2026$,edward.zelaya@doctorsv.gob.sv,P103-ADE
8/7/2026 11:58:17,Karla Xiomara Romero Martínez ,Grupo 1,Planilla,2/2/2026,22296,75540367,Carlos Alberto Romero ,72193081,000KST,COCOROMA1$,karla.romero@doctorsv.gob.sv,
8/7/2026 11:58:36,karla xiomara hernandez martinez ,Grupo 2,Planilla,14/1/2026,167/2025,6305-9724,rudis alberto hernandez cruz,7777-7749,HH3089,Daniela19&,k.xiomara.hernandez@doctorsv.gob.sv,P35BFD
8/7/2026 11:58:55,Nehemías Ezequiel Franco Arguera,Grupo 1,Planilla,21/10/2025,24714,70550351,79760804,78807446,000NFA,TELESALUD2026$,nehemias.franco@doctorsv.gob.sv,P293951
8/7/2026 12:01:34,Marcos Antonio Rodriguez Cruz ,Servicios Profesionales,Servicios Profesionales,1/1/2026,24668,6034-8446,Ada Guadalupe Osorio Rodriguez ,7525-3752,RC1491,TELESALUD3,marcos.rodriguez@doctorsv.gob.sv,P551 526
8/7/2026 12:02:44,Rodrigo Eduardo Angel Ramos,Servicios Profesionales,Servicios Profesionales,7/12/2025,"25,707",75792367,Regina Merari Angel,7294-6653,AR2325,AR01062009,rodrigo.angel@doctorsv.gob.sv,P660E8
8/7/2026 12:03:52,Brenda Lisseth Turcios Reyea,Servicios Profesionales,Servicios Profesionales,19/12/2025,"25,400",7803-3579,Emma Reyes ,79607230,TR2528,Matilda30.,brenda.turcios@doctorsv.gob.sv,PF-480
8/7/2026 12:09:25,Rosa Eva Machado Martínez,Grupo 2,Hibrido,7/12/2025,25175,78408122,Angelica Lorena Martínez de Machado,7956 0099,MM2334,Skylorena5.,rosa.machado@doctorsv.gob.sv,P934702
8/7/2026 12:12:13,Edwin Mauricio Arias Bonilla ,Servicios Profesionales,Servicios Profesionales,1/1/2026,J.V.P.M 24010,6053-4054,María Elena Pineda de Arias ,7525-0751,AB1340,TELE$2026,edwin.arias@doctorsv.gob.sv,P604-660
8/7/2026 12:14:58,Estiben Fabricio Huezo Guillen,Grupo 2,Planilla,24/1/2026,25485,76122816,Sérgio Antonio Huezo Castillo ,79900095,HG2934,DOCTORSV2025$,estiben.huezo@doctorsv.gob.sv,P52 DE6
8/7/2026 12:31:10,Rocio Stefany Ramos Galeas,Servicios Profesionales,Servicios Profesionales,4/5/2026,19560,60041243,60107753,60096703,RG5320,TELE2026$,rocio.ramos@doctorsv.gob.sv,P52 DE6
8/7/2026 12:58:24,Johana del Carmen Cierra Flores,Grupo 2,Planilla,15/7/2025,24131,76137561,Ernesto Antonio Córdova Alegría ,78421029,cf569,DOCTOR2026,johana.flores@doctorsv.gob.sv,
8/7/2026 14:48:41,santos Bladimir Chavez castillo,Grupo 2,Hibrido,15/7/2025,24526,75355492,Mario Ebgardo castillo,79278487,CC1010,Ccdoc$$2026,santos.chavez@doctorsv.gob.sv,P2378652011
8/7/2026 15:01:59,Fatima Gabriela Quintanilla Calles ,Servicios Profesionales,Servicios Profesionales,24/6/2026,20165,71084602,Nora calles,77440418,QC5614,TELE2026$,gabriela.quintanilla@doctorsv.gob.sv,P29E7F
8/7/2026 15:02:57,Daniel Ernesto Ramos Funes ,Servicios Profesionales,Servicios Profesionales,24/6/2026,16541,71654968,Ruth Nohemy Gonzalez de Ramos ,77057299,RF5399,TELE2026$,daniel.ramos@doctorsv.gob.sv,P979215
8/7/2026 15:17:35,HECTOR ANTONIO LLORT AYALA ,Servicios Profesionales,Servicios Profesionales,24/6/2026,17383,78706679,GLADIS DEL CARMEN AYALA SARAVIA,78709240,LA5622,TELE2026$,hector.llort@doctorsv.gob.sv,P365DB
8/7/2026 15:30:28,Oscar Miguel quinteros Guevara,Servicios Profesionales,Servicios Profesionales,24/6/2026,13434,78221289,Santa katerine cañas amaya,79958761, QG5663 ,TELE2026$,oscar.quinteros@doctorsv.gob.sv,767553
8/7/2026 15:33:26,José Fernando Villegas Navarrete,Servicios Profesionales,Servicios Profesionales,24/6/2026,22797,63065699,Monoica Beatriz Villegas Navarrete,76058008,VN5635,TELE2026$,jose.villegas@doctorsv.gob.sv,885986
8/7/2026 16:16:04,Jose Moises Villalobos Amaya,Servicios Profesionales,Servicios Profesionales,24/6/2026,20967,78030076,Israel Villalobos ,79383292,VA5637,TELE2026$,jose.villalobos@doctorsv.gob.sv,P59B0E
8/7/2026 16:34:49,Gustavo Enrique Navarrete Arévalo ,Servicios Profesionales,Servicios Profesionales,24/6/2026,22369,73100736,Irma Elena Arévalo de Navarrete ,74660971,NA5621,TELE2026$,gustavo.navarrete@doctorsv.salud.gob.sv,P975947
8/7/2026 18:32:12,Diana Carolina Hernandez,Servicios Profesionales,Servicios Profesionales,24/6/2026,19362,74851744,Maria Dolores Hernandez,78852014,CH5606,TELE2026$,diana.hernandez@doctorsv.gob.sv,P960126
8/7/2026 18:45:22,José Samuel Carranza Pinto ,Servicios Profesionales,Servicios Profesionales,,16544,79885181,Diana Raquel González Sánchez ,72039232,JC1746,V@lentina280425,jose.carranza@doctorsv.gob.sv,P6092C
8/7/2026 19:01:00,Patricia Carolina Caballero Moreno ,Servicios Profesionales,Servicios Profesionales,1/8/2025,"18,895",74840220,Germán René Campos López ,70133062,CM1398,Caroline.1991,patricia.caballero@doctorsv.gob.sv,P925661
8/7/2026 19:03:51,Roxana guadalupe canales rodriguez ,Servicios Profesionales,Hibrido,2/6/2025,24271,71426010,Carlos enrique canales cruz ,77029349,000RCR,TELE$2026,roxana.canales@doctorsv.gob.sv,P814157
8/7/2026 19:38:17,Fredy Samuel Lozano Hernández ,Servicios Profesionales,Servicios Profesionales,24/6/2026,24715,73755482,Lydia Haydee Hernández de Lozano,78711499,LH5616,TELE2026$,fredy.lozano@doctorsv.gob.sv,P53AE5
9/7/2026 8:41:01,Celso Mauricio Arbaiza Perez,Servicios Profesionales,Servicios Profesionales,24/6/2026,24876,74432670,Cindi Guadalupe Arbaiza,6314 8305,AP5601,TELE2026$,celso.arbaiza@doctorsv.gob.sv,P838871
9/7/2026 9:28:15,Gabriel Osmari Bonilla Maldonado,Grupo 2,Hibrido,3/3/2025,24522,75103803,Rosmery De García,72371213,000GB0,TELE2025$$,grabriel.bonilla@doctorsv.gob.sv,P79-BD7
9/7/2026 11:52:49,JUAN CARLOS BERMÚDEZ ROMERO,Grupo 3,Planilla,26/6/2026,359/2025,70398436,MARIA SARA ROMERO QUINTEROS,72019250,BR5575,TELE2026$,carlos.bermudez@doctorsv.gob.sv,P970014
9/7/2026 11:55:07,Briseyda Sarai Chávez Benavides,Grupo 3,Planilla,24/6/2026,24599,7135-7568,Sonia Margoth Benavides,7293-7099,CB5567,TELE2026$,briseyda.chavez@doctorsv.gob.sv,746-654
9/7/2026 12:41:19,Alejandro Antonio Polanco González,Grupo 1,Planilla,24/6/2026,25583,76333345,Dina Minelly González,70534382,PG5564,TELE2026$,alejandro.polanco@doctorsv.gob.sv,P9C06
9/7/2026 13:48:17,Tatiana Nataly Bermúdez Soto,Servicios Profesionales,Servicios Profesionales,12/12/2025,532/2025,79498495,Blanca Estela Soto,75064895,BS2496,DoctorSv$2026,tatiana.bermudez@doctorsv.gob.sv,P901C12011
9/7/2026 13:48:23,Karina Lissette Garay Estrada,Servicios Profesionales,Servicios Profesionales,12/12/2025,533/2025,76479787,Omar David Garay Estrada,76418863,000KGH,Ermelinda.99,karina.garay@salud.gob.sv,p34B1E
9/7/2026 14:16:14,ABDIEL JAHAZIAS ALVAREZ AGUILAR,Grupo 1,Planilla,24/6/2026,24094,74076919,DIANA MELISSA TORRES DE ALVAREZ,72804410,AA5563,TELE2026$,abdiel.alvarez@doctorsv.gob.sv,P697234
11/7/2026 5:01:43,Erving Stanley González Batres ,Servicios Profesionales,Servicios Profesionales,24/6/2026,23347,70346855,Sofía Esperanza Batres Vásquez ,75729431,gb5313,TELE2026$,erving.gonzalez@doctorsv.gob.sv,P787176
13/7/2026 10:33:34,Katherine Beatriz Blanco Portillo ,Grupo 2,Hibrido,3/3/2025,23603,77430641,Carlos Alberto Blanco ,78869462,000KB1,M3d1C0sT3Le,katherine.blanco@doctorsv.gob.sv,P66F84
13/7/2026 10:54:43,Zuleyma Abigail Garcia Reyes,Grupo 3,Planilla,24/6/2026,25553,74712489,Alva Suleyma Reyes,78973287,GR5593,TELE2026$,zuleyma.garcia@doctorsv.gob.sv,
13/7/2026 10:54:49,Estefany Iveth Mejía Sagastizado,Grupo 3,Planilla,24/6/2026,25600,74972809,Rosa Elsy Sagastizado,75151541,MS5569,TELE2026$,iveth.mejia@doctorsv.gob.sv,
13/7/2026 10:55:26,Krissia Elizabeth Ramos Rodas,Grupo 3,Planilla,24/6/2026,25885,69610179,73571997,74644355,RR5582,TELE$2026,krissia.ramos@doctorsv.gob.sv,P10311E-2011
13/7/2026 11:40:37,Karen Vanessa García González ,Grupo 3,Planilla,24/6/2026,23764,7558 8517,José Daniel Benítez Lazo,78563050,GG5578,TELE2026$,karen.garcia@doctorsv.gob.sv,
13/7/2026 11:53:12,HEYDI JULISSA BURUCA RIVERA,Grupo 2,Hibrido,3/3/2025,23741,72326253,Griselda Buruca ,+503 7509 7574,B053,TELE$2025%%$,heydi.buruca@doctorsv.gob.sv,N/A
13/7/2026 12:31:36,karla maricruz gonzalez marquez,Grupo 3,Planilla,24/6/2026,55568,78681956,yuris lisstte gonzalez ,60241898,gm5581,Tele2026$,karla.gonzalez@doctorsv.gob.sv,CFA39
31/7/2026 8:42:14,Mario José Amaya Sarmiento,Servicios Profesionales,Servicios Profesionales,24/6/2026,24273,62051169,Liza Bonilla,76964465,AS5585,TELE2026$,mario.amaya@doctorsv.gob.sv,P951F1
31/7/2026 8:49:45,Jaime Alexander González Hernández,Servicios Profesionales,Servicios Profesionales,24/6/2026,14198,7020-9790,Glenda Alixón Del Río de González,7026-5389,GH5627,TELE2026$,jaime.gonzalez@doctorsv.gob.sv,
31/7/2026 8:58:27,Daniela Cristina Castellón Cuadra ,Servicios Profesionales,Servicios Profesionales,24/6/2026,25740,73150006,Bernarda Castellón Cuadra ,64442234,CC3479,TELE2026$,daniela.castellon@doctorsv.gob.sv,
31/7/2026 9:01:12,Jonathan Ernesto Arias Sorto ,Servicios Profesionales,Servicios Profesionales,1/7/2026,22416,77862787,Kelly Michelle Argueta de Arias ,79230416,AS5632,P40CE,jonathan.arias@doctorsv.gob.sv,
31/7/2026 9:05:37,Rebeca Sarai Martinez Santos ,Servicios Profesionales,Servicios Profesionales,24/6/2026,25435,61987458,Maribel Santos ,78851561,MS5669,TELE2026$,rebeca.santos@doctorsv.gob.sv,983509
31/7/2026 9:19:26,Rafael Cárdenas Ortiz ,Servicios Profesionales,Servicios Profesionales,6/7/2026,19058,77373368,Rafael Cárdenas Hernández ,78904342,CO5668,TELE2026$,rafael.ortiz@doctorsv.gob.sv,P30EC9
31/7/2026 9:27:18,Carlos Manuel Gutiérrez Panameño,Servicios Profesionales,Servicios Profesionales,24/6/2026,10734,70837904,Cecilia de Gutiérrez,70627738,GP5598,TELE2026$,manuel.gutierrez@doctorsv.gob.sv,M26 8D7
31/7/2026 9:27:48,Karina Concepcion Flores Pereira ,Servicios Profesionales,Servicios Profesionales,24/6/2026,20778,75104259,Julio Alberto Zelaya ,68543826,FP5642,TELE2026$,karina.flores@doctorsv.gob.sv,
31/7/2026 9:31:13,Enderson Obed Cruz Rosa,Servicios Profesionales,Servicios Profesionales,24/6/2026,24749,63149820,Nely Margoth Rosa Solis,60549284,CR566,TELE2026$,enderson.cruz@doctorsv.gob.sv,P664296
31/7/2026 9:31:26,Jorge Alberto López machuca ,Servicios Profesionales,Servicios Profesionales,26/6/2026,24524,76749930,Jorge López romero ,77863331,LM5574,TELE2026$,alberto.lopez@doctorsv.gob.sv,P10220D
31/7/2026 9:39:48,Anderson Ernesto Alvarado Aguirre,Servicios Profesionales,Servicios Profesionales,26/6/2026,24017,76810749,Lizzette Aguirre,78834860,AA5565,TELE2026$,anderson.alvarado@doctorsv.gob.sv,P334959
31/7/2026 9:40:03,Juan José Bustillo Treminio,Servicios Profesionales,Servicios Profesionales,26/6/2026,24909,73181018,Cecilio Treminio,78878021,BT5576,Doctorsv$2026,jose.bustillo@doctorsv.gob.sv,P133930
31/7/2026 9:50:10,Lilian Juana Iris Aguilar Rivas ,Servicios Profesionales,Servicios Profesionales,24/6/2026,22569,77826546,Melvin Geovanny Aguilar Rivas ,+503 6422 5245,IA 5645,TELE2026$,lilyrivas.167@gmail.com,P706088
31/7/2026 9:53:13,Sergi Rosaly Rivera Sorto,Servicios Profesionales,Servicios Profesionales,24/6/2026,23823,72533641,Rosa Delmi Sorto Lovo,79277022,RS5679,TELE2026$,sergirosalirs@gmail.com,P52D1B-2011
31/7/2026 10:03:28,Victor Manuel Contreras Rubio,Servicios Profesionales,Servicios Profesionales,24/6/2026,15869,76794661,Berta Ferman,60129500,CR5680,TELE2026$,victor.contreras@doctorsv.gob.sv,M703297
31/7/2026 10:27:12,Celina de Jesús Martínez Méndez ,Servicios Profesionales,Servicios Profesionales,24/6/2026,17488,60005616,Otilia Vasquez ,75323180,JM5600,TELE2026$,celina.jesus@doctorsv.gob.sv,P311B7-2011
31/7/2026 10:27:25,Glenda Marisol Artola de Avilés ,Servicios Profesionales,Servicios Profesionales,24/6/2026,20804,74032506,Glenda Marisol Artola de Avilés ,74032506,AD5620,TELE2026$,glenda.artola@doctorsv.gob.sv,P773073
31/7/2026 10:41:13,KRISEIDA JASMIN BONILLA BAIZA ,Servicios Profesionales,Servicios Profesionales,24/6/2026,25164,76031440,Maritza Yanira Baiza ,77197272,BB5644,TELE2026$,kriseida.bonilla@doctorsv.gob.sv,P121FC4 y/o P932651
31/7/2026 11:10:53,Roberto Carlos Renderos Pineda ,Servicios Profesionales,Servicios Profesionales,24/6/2026,"11,524",73841526,Cid Veronica Castro De Renderos ,64206219,RP5671,TELE2026$,roberto.renderos@doctorsv.gob.sv,P50EC1
31/7/2026 11:57:03,Yoselin Anayanci Hernandez Benitez,Grupo 1,Hibrido,12/1/2026,25739,7964-4647,Gladis Marisol Benitez Ramirez,70048216,HB2622,DoctorSv$2025,yoselin.hernandez@doctorsv.gob.sv,P41-BC1
31/7/2026 11:57:04,FABRICIO ERNESTO REYES VARGAS,Servicios Profesionales,Servicios Profesionales,1/8/2025,12731,71703386,VALERIA SOFIA REYES,64201947,RV1453,P@loskyta2005,fabricio.reyes@doctorsv.gob.sv,
31/7/2026 11:58:16,Mayra Palosky Pinto Peña ,Servicios Profesionales,Servicios Profesionales,1/8/2025,14156,63154429,64201947,78296502,PP1521,TELE2026$$$,mayra.pinto@doctorsv.gob.sv,
31/7/2026 12:20:05,Blanca Alicia Veliz Vasquez ,Servicios Profesionales,Servicios Profesionales,14/12/2025,25451,68389179,Gricelda veliz ,75855535,VV2541,Doctor1099.,blanca.veliz@doctorsv.gob.sv,
31/7/2026 12:49:13,Liliana Beatriz Reyes Sorto,Servicios Profesionales,Servicios Profesionales,24/6/2026,"36,936",7903-2159,Esperanza del Carmen Sorto de Reyes ,7090-8331,RS5646,TELE2026$,liliana.reyes@doctorsv.gob.sv,P8555F
31/7/2026 12:56:17,Jandina Beatriz Castro Mejía ,Servicios Profesionales,Servicios Profesionales,24/7/2026,18634,61138211,Ronald Josue Cruz Barahona ,61122387,CM2628,TELE 2026$,jandina.castro@drsv.com.sv,P11042B-2011
31/7/2026 14:54:10,Lorena Gómez Pérez ,Servicios Profesionales,Servicios Profesionales,24/6/2026,25595,60124065,Lilian Elizabeth Pérez Vigil ,72792059,GP5647,TELE2026$,loorenagomez896@gmail.com,
31/7/2026 14:58:54,Luis Felipe Rivas Romero,Grupo 1,Planilla,8/2/2026,764/2025,77319329,Carlos Felipe Rivas,7730-2652,RR3596,doctorSv$2026,felipe.romero@doctorsv.gob.sv,P35-96
31/7/2026 14:59:58,Gabriela Contreras Santos,Servicios Profesionales,Servicios Profesionales,24/6/2026,21606,77432165,Teofila Santos Urbina,77309138,CS5617,TELE2026$,gabriela.contreras@doctorsv.gob.sv,P990216
31/7/2026 15:29:37,María Renée Barrera Rodríguez,Servicios Profesionales,Servicios Profesionales,24/6/2026,11812,73270367,Manuel Enrique Lovo Solorzano,78700654,BR5654,TELE2026$,maria.barrera@doctorsv.gob.sv,P56-ADF
31/7/2026 15:35:56,Juan José Turcios Escobar,Grupo 3,Planilla,14/7/2026,22651,77421117,Alma Claribel Escobar Turcios,77421117,TE5577,TELE2026$,juan.turcios@doctorsv.gob.sv,
31/7/2026 15:38:17,Jefferson Alexander Jimenez Martinez,Grupo 3,Planilla,26/6/2026,25355,79549823,jazzmin aleman,63073643,jm5573,,matrix.jm7@gmail.com,
31/7/2026 15:48:01,howard stanley duran hernandez,Servicios Profesionales,Servicios Profesionales,25/6/2026,14693,74580086,rebeca urrutia,74596979,DH5624,TELE$2026,howard.duran@doctorsv.gob.sv,p113b91
31/7/2026 15:50:41,Yariza lorena reyes bonilla ,Servicios Profesionales,Servicios Profesionales,24/6/2026,25177,75286577,77869766,Martha bonilla ,RB5682,TELE$2026,yariza.reyes@doctorsv.gob.sv,P113C28-2011
31/7/2026 15:56:32,Claudia Lucia Méndez Sandoval ,Grupo 3,Planilla,24/7/2026,25570,79295687,Ferdinando Méndez ,77248174,MS5568,TELE2026$,claudia.mendez@doctorsv.gob.sv,
31/7/2026 15:58:23,Marlon Oswaldo Quinteros Renderos,Grupo 3,Planilla,24/6/2026,25577,75135731,Rosa Lila Renderos de Quinteros,72758807,QR5586,TELE2026$,oswaldo.quinteros@doctorsv.gob.sv,
31/7/2026 15:58:29,GERSON ARNULFO MENDEZ DIAZ,Grupo 3,Planilla,24/6/2026,316/2025,70930300,YENI ELIZABETH PABLO,76464272,MD5572,TELE2026$,gerson.mendez@doctorsv.gob.sv,98696
31/7/2026 19:07:59,Silvia anabel Garcia Jurado,Grupo 3,Planilla,24/6/2026,17998,78772510,Salomon Garcia,76668803,GJ5590,TELE2026$,silvia.garcia@doctorsv.gob.sv,P102CDA
31/7/2026 19:58:13,Dolores Beatriz Tino Vasquez ,Servicios Profesionales,Servicios Profesionales,2/2/2026,25115,79584572,Miguel Angel Tino,50586307332,TV3519, DOCTOR2026$,dolores.tino@doctorsv.gob.sv,P275AB-2011
31/7/2026 20:34:44,Eduardo Luis Sosa Portillo ,Servicios Profesionales,Servicios Profesionales,1/1/2026,19631,76960813,Juan Pablo Sosa Portillo ,73964857,SP2352,Sp0901734722,eduardo.sosa@doctorsv.gob.sv,P933867
31/7/2026 20:49:33,Jennifer Gabriela Reyes Amaya ,Servicios Profesionales,Servicios Profesionales,1/8/2025,24395,75758678,Kevin José Reyes Amaya ,72567293,RA1528,Telesalud2025$,jennifer.reyes@doctorsv.gob.sv,P34D6-2011
31/7/2026 20:59:45,Maritza Jaqueline Guevara de Melgar,Servicios Profesionales,Servicios Profesionales,24/6/2026,11193,78746268,Jorge Jose Melgar,75531279,GD5656,TELE2026$,maritza.guevara@doctorsv.gob.sv,798429-2011
31/7/2026 21:35:38,Cindy Vanessa Cubías Arias.,Servicios Profesionales,Servicios Profesionales,10/8/2025,20241,61935360,Maria Blascina Arias de Cubias. ,77355598,CA1501,TELE$$2026,cindy.cubias@doctorsv.gob.sv,
31/7/2026 21:37:02,GLENDA ALIXON DEL RIO DE GONZALEZ,Servicios Profesionales,Servicios Profesionales,24/6/2026,14162,70265389,JAIME ALEXANDER GONZALEZ HERNANDEZ,70209790,DR5619,TELE2026$,glenda.delrio@doctorsv.gob.sv,NO APLICA
31/7/2026 21:37:47,Wilberto Angel Rivas Rodriguez ,Servicios Profesionales,Servicios Profesionales,1/1/2026,15674,79373016,Karen María Vásquez ,75944595,RR2351,FERNANDA2017,wilberto.rivas@doctorsv.gob.sv,P890142
1/8/2026 5:01:35,Andrés Eduardo Campos Hernández ,Servicios Profesionales,Servicios Profesionales,14/6/2026,22974,74350540,Fredy Campos ,76834766,Ch1011,TELE2026$,andres.campos0095@gmail.com,P124 7AA
1/8/2026 5:45:48,Odaly Elizabeth Gonzalez de Martinez,Servicios Profesionales,Servicios Profesionales,6/7/2026,20749,71615495,Walter Martinez,79336515,GD5661,TELE2026$,odaly.gonzalez@doctorsv.gob.sv,
1/8/2026 7:26:50,Augusto Jose Castillo Perdomo,Servicios Profesionales,Servicios Profesionales,24/6/2026,19222,74892437,Roxana elizabeth Morales,79198704,CP5597,TELE2026$,augusto.castillo@doctorsv.gob.sv,P 12b6
1/8/2026 13:13:30,LUCIO LEONEL MESTANZA RAMIREZ ,Servicios Profesionales,Servicios Profesionales,24/6/2026,15749,79423639,LISSETH ALEJANDRINA CAMPOS DE MESTANZA,75631148,MR5648,TELE2026$,lucio.mestanza@doctorsv.gob.sv,
1/8/2026 14:21:40,Mario Ernesto Villeda Giron,Servicios Profesionales,Servicios Profesionales,4/7/2026,23925,75839843,Digna Leticia Giron De Villeda ,75290276,VG5655,Tele2026$,mario.villeda@doctorsv.gob.sv,
1/8/2026 14:25:08,Oscar David Campos,Servicios Profesionales,Servicios Profesionales,1/1/2026,17871,72895141,Kelly Rosmery Ayala de Campos,78399303,cc1592,TELE2026$,oscar.campos@doctorsv.gob.sv,
1/8/2026 16:58:28,Jenyffer Vanessa Cordero Gutierrez,Servicios Profesionales,Servicios Profesionales,4/8/2025,20956,60295847,jenyfer adelina gutierrez,76773434,cg1519,,jenyffer.cordero@doctorsv.gob.sv,
2/8/2026 7:42:51,Jonathan Edgardo García López ,Servicios Profesionales,Servicios Profesionales,24/6/2026,23428,70888597,Roxana Patricia López Méndez ,77579158,GL5631,TELE2026$,jonathan.garcia@doctorsv.gob.sv,P968838
2/8/2026 12:14:12,Luis Alberto Flores Hernandez ,Servicios Profesionales,Servicios Profesionales,24/6/2026,19423,76241469,juan alberto flores ,79622389,FH5649,TELE2026$,alberto.flores@doctorsv.gob.sv,M831108-2011
2/8/2026 13:28:55,Angélica Susana Sarmiento Ramírez ,Servicios Profesionales,Servicios Profesionales,24/6/2026,10578,78525487,Iván Godofredo Lara Guzmán ,7950 7872,SR5596,TELE2026$,angelica.sarmiento@doctorsv.gob.sv,P830101
2/8/2026 13:57:49,Enrique José Hernández Zelaya,Servicios Profesionales,Servicios Profesionales,24/6/2026,23541,74942538,Jeannette del Carmen Zelaya de Hernandez,71255133,HZ5612,TELE2026$,enrique.hernandez@doctorsv.gob.sv,P951123
2/8/2026 21:27:39,JOSE ANTONIO PINEDA BENAVIDES,Servicios Profesionales,Servicios Profesionales,1/1/2026,14412,78359181,Nathaly Elizabeth Pineda Benavides,70537909,PB1503,Soley2019,jose.pineda@doctorsv.gob.sv,8
3/8/2026 13:02:37,Carlos Virgilio Claros Gutiérrez ,Servicios Profesionales,Servicios Profesionales,26/7/2026,24549,71132003,Maria Emma Gutiérrez ,64296242,CG5599,TELE2026$,carlos.claros@doctorsv.gob.sv,N/a
3/8/2026 15:51:47,Marco Antonio Godínez Araujo ,Servicios Profesionales,Servicios Profesionales,24/6/2026,9290,63030687,Edgardo José Araujo Reyes,77551909,GA5653,TELE2026$,marco.godinez@doctorsv.gob.sv,123-CBC
21/8/2026 9:56:21,Salvador Eduardo Ciciliano Turcios,Grupo 3,Planilla,27/7/2026,22831,7247-9253,Maritza Elizabeth Turcios de Ciciliano,7729-5446,CT5772,TELE2026$,salvador.ciciliano@doctorsv.gob.sv,
21/8/2026 10:05:59,Gerardo Ernesto Oviedo De La O ,Grupo 3,Planilla,27/7/2026,25501,79879149,Irma Gladys de la O ,78609198,OD5774,Guk,geraroviedo7@gmail.com,P40 C 45 
21/8/2026 10:20:05,Josué Manuel Castillo Escobar ,Grupo 3,Planilla,27/7/2026,22522,75661202,Jeannette Esmeralda Castillo Escobar ,79157646,CE5640,TELE2026$,josue.castillo@doctorsv.gob.sv,952801
21/8/2026 10:23:30,Mario Elí Rodríguez Avalos ,Grupo 3,Planilla,27/7/2026,21065,75222198,Jorge Eloy Rodríguez ,73966110,RA5778,TELE2026$,armeravengti@gmail.com,P198678
21/8/2026 10:27:00,Alejandra Yanira Mayén Lazo ,Grupo 3,Planilla,27/7/2026,1065/2025,72926118,Pablo Mayén ,77361237,ML5775,TELE2026$,alejandra.mayen@doctorsv.gob.sv,P1022A1
21/8/2026 10:31:11,Luis Mauricio Hidalgo Rodríguez,Grupo 3,Planilla,27/7/2026,1078/2025,7840-9668,José Mauricio Hidalgo ,7868-8196,HR5773,TELE2026$,luis.hidalgo@doctorsv.gob.sv,
21/8/2026 10:34:26,Marvin Josue Molina Álvarez ,Grupo 3,Planilla,27/7/2026,1063/2025,70668355,Wendy Yamileth Molina Alvarez ,72304555,MA5776,TELE2026$,marvin.alvarez@doctorsv.gob.sv,P722954
21/8/2026 15:07:58,Sindy Maryori Alvarado Velasquez ,Grupo 3,Planilla,27/7/2026,1062 2025 ,72275815,Besi Rubidia Alvarado Velasquez ,77954177,AV5771,TELE2026$,sindy.alvarado@doctorsv.gob.sv,P 49OEC
21/8/2026 17:20:29,Karla Patricia Carballo Sibrian,Grupo 3,Planilla,27/7/2026,1061/2025,79371115,Carlos Emilio Carballo,79202525,CS5770,TELE2026$,karla.sibrian@doctorsv.gob.sv,P122BA7
28/8/2026 8:19:02,Elmer prueba,,Hibrido,28/8/2026,prueba,,,,,,elmer.andrade@doctorsv.gob.sv,
28/8/2026 8:25:15,Santiago Alberto Contreras Soto,Servicios Profesionales,Servicios Profesionales,11/7/2026,23109,74997266,Carlos Contreras,78940294,CS5790,TELE2026$,dr.santiagocontreras@gmail.com,
28/8/2026 8:25:31,Eveling Marisol González Mejía ,Servicios Profesionales,Servicios Profesionales,27/7/2026,15596,74992891,Linda Claribel González Mejía ,78000296,GM5835,TELE2026$,eveling.gonzalez@doctorsv.gob.sv,P918791-2011
28/8/2026 8:26:53,Yancy Karina Reyes Cruz,Servicios Profesionales,Servicios Profesionales,27/7/2026,13998,7450 9600 ,Xenia Lisseth Reyes Cruz ,6114 9931,RC5779,TELE2026$,yancy.reyes@doctorsv.gob.sv,P828400
28/8/2026 8:28:28,mario david corleto ruiz,Servicios Profesionales,Servicios Profesionales,27/7/2026,13111,74100303,karla emperatriz corleto ruiz ,71516116,CR5786,TELE2026$,mario.corleto@doctorsv.gob.sv,
28/8/2026 8:28:36,Sandra Margarita Guzmán Matute ,Servicios Profesionales,Servicios Profesionales,24/7/2026,20776,79475321,Abraham Matute,7788-5323,GM5789,TELE2026$,sandra.guzman@doctorsv.gob.sv,P143B3
28/8/2026 8:29:05,Saira Mariela Laínez Torres,Servicios Profesionales,Servicios Profesionales,24/6/2026,23473,74142689,Nora Velis Torres López,76981713,LT5676,TELE2026$,saira.lainez@doctorsv.gob.sv,
28/8/2026 8:29:08,Jose Salvador Reyes Sorto ,Servicios Profesionales,Servicios Profesionales,1/1/2026,25789,70480705,Esperanza del Carmen Sorto ,70908331,RS2359,Josereyes1,jose.reyes@doctorsv.gob.sv,P628730
28/8/2026 8:31:25,Yossy Lilibeth Rodríguez Serpas ,Servicios Profesionales,Servicios Profesionales,27/7/2026,8140,77478603,BESSY Carolina Rodriguez Serpas ,77370177,RS5794,TELE2026$,yossyl.rodrigu@salud.gob.sv,P2515E
28/8/2026 8:32:19,Rhina Esther Turcios Rivas ,Servicios Profesionales,Servicios Profesionales,31/7/2026,24818,74995109,Rhina Esther Rivas Rodríguez ,78839594,TR5848,TELE2026$,rhina.turcios@doctorsv.gob.sv,P77F57
28/8/2026 8:33:53,Jacqueline Stefany Ramos Torres ,Servicios Profesionales,Servicios Profesionales,27/7/2026,22791,72834839,Alma Ramos ,72509687,RT5777,TELE2026$,jacqueline.torrez@doctorsv.gob.sv,
28/8/2026 8:35:14,Stephanny Guadalupe Ruiz Lazo ,Servicios Profesionales,Servicios Profesionales,14/12/2025,25718,7006-1970 ,Lisseth Lazo,78280409,RL2535,DOCTORSV$2026,srlazo@yahoo.com,P985C3 
28/8/2026 8:35:22,Sara Gabriela Canales López ,Servicios Profesionales,Servicios Profesionales,24/6/2026,24542,72128089,Concepción Petronila López de Canales ,79065266,CL5678,TELE2026$,gabriela.canales@doctorsv.gob.sv,
28/8/2026 8:35:51,Paula Maria Revelo se Membreño ,Servicios Profesionales,Servicios Profesionales,26/7/2026,18238,60692473,Tonys Isai Membreño Portillo ,73534855,RD5821,TELE2026$,paula.revelo@doctorsv.gob.sv,4556E
28/8/2026 8:36:20,Alexandra Jose Coreas López ,Servicios Profesionales,Servicios Profesionales,27/7/2026,20056,7573-0394,Elvia Rudy Lopez Sanchez,77579808,CL5851,TELE2026$,alexandra.coreas@doctorsv.gob.sv, 9182C
28/8/2026 8:37:11,Elizabeth Stefani Rosales Tovar ,Servicios Profesionales,Servicios Profesionales,27/7/2026,23259,76954942,Feliz Alexander Rosales Tovar ,71272943,RT5829,TELE2026$,elizabeth.rosales@doctorsv.gob.sv,P512181
28/8/2026 8:37:59,Boris Vladimir Fermán Fernández,Servicios Profesionales,Servicios Profesionales,1/8/2026,24502,75450-171,Bryan Fermán,7268-0985,FF5788,TELE2026$,boris.ferman@doctorsv.gob.sv,P777361
28/8/2026 8:39:20,Ana Beatriz Aguila Gómez ,Servicios Profesionales,Servicios Profesionales,27/7/2026,23728,78702500,Iris  Gómez,78830559,AG5820,TELE2026$,ana.aguila@doctorsv.gob.sv,P654626
28/8/2026 8:40:52,Glenda Maricela Luna Flores,Grupo 2,Hibrido,15/7/2025,24729,60083680,60494936,69806935,LF685,MARICELA2025$$$,glenda.luna@doctorsv.gob.sv,P7302D-2011
28/8/2026 8:42:49,Carmen Alicia Merino Romero,Servicios Profesionales,Servicios Profesionales,27/7/2026,20045,72302100,Jesús Merino ,72155460,MR5833,TELE2026$,carmen.merino@doctorsv.gob.sv,639960
28/8/2026 8:43:26,Josue Daniel Nuñez Lopez,Servicios Profesionales,Servicios Profesionales,27/7/2026,25380,78039587,Katherine Palma,79277230,NL5844,TELE2026$,Josue.nunez@doctorsv.gob.sv,P44F64
28/8/2026 8:44:57,Jennifer Gyssel Hernández Salmerón,Servicios Profesionales,Servicios Profesionales,19/12/2025,25862,78892246,Alyson Melissa Hernández Chávez,74873251,HS2651,Doctora_2130,jennifer.salmeron@doctorsv.gob.sv,P752713
28/8/2026 8:46:19,Eli Aldair Alvarado Díaz ,Servicios Profesionales,Servicios Profesionales,27/7/2026,24603,79425515,Cristobal Romero ,79406375,AD5804,TELE2026$,eli.alvarado@doctorsv.gob.sv,P991BD
28/8/2026 8:48:36,Johanna Yossette Pérez de Coreas ,Servicios Profesionales,Servicios Profesionales,27/7/2026,13804,78439444,Wilfredo Pérez Rosales,75904953,PD5822,Cami1622,johanna.perez@doctorsv.gob.sv,P141-418
28/8/2026 8:52:31,Yonys Joel Salvador Velásquez ,Servicios Profesionales,Servicios Profesionales,27/7/2026,19564,7822-1403,Denis Yamileth Salvador velásquez ,79267071,SV5808,TELE2026$,yonys.salvador@doctorsv.gob.sv,P1077c6
28/8/2026 8:52:58,German Francisco Cruz Garcia,Servicios Profesionales,Servicios Profesionales,27/7/2026,22410,75875393,Blanca Elizabeth Garcia Gomez,+503 7589 6507,CG5798,TELE2026$,german.cruz@doctorsv.gob.sv,P82CFF
28/8/2026 8:53:15,Karen Mercedes Gomez Rodriguez ,Servicios Profesionales,Servicios Profesionales,27/7/2026,20032,7887-4407,Adonis Esteven Pahiagua Jurado ,7435-2158,GR5819,TELE2026$,karen.gomez@doctorsv.gob.sv,P-111C4
28/8/2026 8:53:49,Josseline Claribel Sagastume ,Servicios Profesionales,Servicios Profesionales,27/7/2026,18736,72018674,Guadalupe de Jesús Sagastume ,72500531,SD5837,TELE2026$,josseline.sagastume@doctorsv.gob.sv,P784581-2011
28/8/2026 8:56:28,Jorge Isaac Ruiz Batista ,Servicios Profesionales,Servicios Profesionales,26/6/2025,22480,79851735,Flor de Maria Portillo ,76618249,RB1080,TELE2026$,jorge.ruiz@doctorsv.gob.sv,P58A6-2011
28/8/2026 8:56:33,Elmer Daniel Rivas Torres,Servicios Profesionales,Servicios Profesionales,24/6/2027,20746,76018552,Diana Vanessa Pérez De Rivas,77445273,RT5610,TELE2026$,elmer.rivas@doctorsv.gob.sv,P9478F
28/8/2026 8:58:06,Karem Esmeralda Renderos de Márquez ,Servicios Profesionales,Servicios Profesionales,7/1/2026,10467,71969862,Gabriela Villa ,73850008,RD2310,DOCTOR$$2026,karemrenderos.0577@gmail.com,
28/8/2026 9:00:48,Miguel Antonio Avilés García,Grupo 1,Hibrido,16/1/2026,22687,72292617,ERNA GARCIA,78427260,AA3054,Artu09876,miguel.aviles@doctorsv.gob.sv,P883223
28/8/2026 9:02:35,Laura Carolina Ventura Cruz,Servicios Profesionales,Servicios Profesionales,27/7/2026,24501,76363147,Patricia Guadalupe Ventura Cruz,73465246,VC5787,TELE2026$,laura.cruz@doctorsv.gob.sv,
28/8/2026 9:26:06,Carlos Luis Meléndez Maldonado,Servicios Profesionales,Servicios Profesionales,27/7/2026,12230,78774040,Ana Cecilia Batres Herrera ,76817267,MM5818,TELE2026$,cl.melendez@icloud.com,629749
28/8/2026 9:39:47,José Melvin Hernández Ruiz,Servicios Profesionales,Servicios Profesionales,27/7/2026,24571,72707250,María Elida Hernández ,74840147,HR5806,TELE2026$,melvin.ruiz@doctorsv.gob.sv,
28/8/2026 10:18:25,Christian Josué Avilés Cáceres ,Servicios Profesionales,Servicios Profesionales,27/7/2026,25403,7802 4855 ,Genesis Avilés ,7410 6258,AC5841,TELE2026$,cjcaceres116@gmail.com,P983409 
28/8/2026 10:39:02,Consuelo Verónica Guevara Vanegas ,Servicios Profesionales,Servicios Profesionales,27/7/2026,17185,60435573,Rafael Guevara Vanegas ,71404018,GV5827,TELE2026$,consuelo.guevara@doctorsv.gob.sv,Carro P7C12-2011
28/8/2026 10:43:08,Emerson Noé Romero Avalos ,Servicios Profesionales,Servicios Profesionales,7/12/2025,25576,71166436,David Romero,74159437,RA2327,DOCTOR2025,emersonnoeromero99@gmail.com,P113684
28/8/2026 10:51:33,Maritza Marisol Sura de Guevara ,Servicios Profesionales,Servicios Profesionales,28/8/2026,10742,71507230,71404018,79069739,SD5783,TELE2026$,maritza.sura@doctorsv.gob.sv,P730747-2011
28/8/2026 10:53:33,Juan Carlos Lopez Escobar ,Servicios Profesionales,Servicios Profesionales,27/7/2026,14298,7173-2028 ,Karen Beatriz Peña,71094320,LE5801,TELE2026$,juan.escobar@doctorsv.gob.sv,P695-746
28/8/2026 11:15:31,Belarmina Jeaneth Sanchez Molina,Servicios Profesionales,Servicios Profesionales,27/7/2026,7567,78541252,Guillermo Eduardo Villata Sanchez,78955874,SM5800,TELE2026$,belarmina.sanchez@doctorsv.gob.sv,P946095-2011
28/8/2026 11:37:40,Erika Julissa Rios García,Servicios Profesionales,Servicios Profesionales,27/7/2026,25548,78799890,Luis Francisco Rios Molina,72305029,RG5796,TELE2026$,erikariosz19@gmail.com,P1619A
28/8/2026 11:41:51,Nehemias Ezequiel Franco Arguera,Grupo 1,Hibrido,21/10/2025,24714,70550351,Santos Elmer Arguera Rivera,79760804,FA1644,TELESALUD2026$,nehemias.franco@doctorsv.gob.sv,
28/8/2026 12:06:35,Alejandro Javier Lozano Portillo,Servicios Profesionales,Servicios Profesionales,27/7/2026,25173,78855582,Deisy Lozano,78855582,LP2996,TELE2026$,alejandro.lozano@doctorsv.gob.sv,
28/8/2026 12:09:58,Rita Mariela Sorto Serpas,Servicios Profesionales,Servicios Profesionales,1/8/2026,16257,77202092,Iris iliana sorto,+503 7722 9391,SS5832,TELE2026$,tariserpas@gmail.com,p927-875
28/8/2026 12:21:53,Ana Marissela Medrano Martinez ,Servicios Profesionales,Servicios Profesionales,27/7/2026,15228,71186820,Alexander Medrano Sandoval,7795 7376,MM5799,TELE2026$,ana.medrano@doctorsv.gob.sv,163 866
28/8/2026 12:22:52,Claudia Carolina Alvarado de Bonilla ,Servicios Profesionales,Servicios Profesionales,27/7/2026,17409,71569434,José Luis Bonilla Gómez ,77831578,AD5826,TELE2026$,claudia.bonilla@doctorsv.gob.sv,P7FF3
28/8/2026 12:24:59,Mónica Estefany Retana Flores ,Servicios Profesionales,Servicios Profesionales,27/7/2026,25402,70651554,70651564,78833363,RF5847,TELE2026$,monica.retana@doctorsv.gob.sv,887327
28/8/2026 12:25:58,Ana Irma Cañas Ramos,Servicios Profesionales,Servicios Profesionales,1/1/2026,14916,79180647,Irma Ramos,72597857,CR1367,Doctorsv.2026,irma.ramos@doctorsv.gob.sv,
28/8/2026 12:38:07,Doris Patricia Avilés Espinoza ,Servicios Profesionales,Servicios Profesionales,27/7/2026,23376,74900806,Edgar René Avilés Hernández ,75600031,AE5803,TELE2026$,doris.aviles@doctorsv.gob.sv,
28/8/2026 12:51:06,Diego Benjamín Retana Flores ,Servicios Profesionales,Servicios Profesionales,27/7/2026,23185,78025880,Michelle Villatoro ,75478675,RF5812,TELE2026$,diego.flores0596@gmail.com,P962302
28/8/2026 13:10:54,JOSE TOMAS NAVARRETE CORENA ,Servicios Profesionales,Servicios Profesionales,1/8/2025,"11,510",79243891,Karla Maria Escobar ,76834008,NC1449,TELESALUD25#,jose.navarrete@doctorsv.gob.sv,P955386
28/8/2026 13:14:10,José Luis Bonilla Gómez ,Servicios Profesionales,Servicios Profesionales,27/7/2026,18688,79180376,Claudia Carolina Alvarado de Bonilla ,71569434,BG5850,TELE2026$,jose.bonilla@doctorsv.gob.sv,P7FF3
28/8/2026 13:24:00,Karla Elisa Henríquez Benavides ,Servicios Profesionales,Servicios Profesionales,27/7/2026,24300,76404728,Didier Stanley Alvarez ,72350360,HB5580,TELE2026$,karla.96henriquez@gmail.com,
28/8/2026 14:58:53,Francisco Javier Canales Rubio,Servicios Profesionales,Servicios Profesionales,27/7/2026,22624,77546650,Gloria Nohemy de Canales,76751593,CR5815,TELE2026$,canalesfrancisco9@gmail.com,
28/8/2026 18:08:52,Karen Yamileth Trejo Medina ,Servicios Profesionales,Servicios Profesionales,27/7/2026,17938,74725185,Xiomara Lissette Trejo Medina,7169 3916,TM5838,TELE2026$,karen.trejo@doctorsv.gob.sv,
28/8/2026 22:32:56,Josue Gonzalo Benavides Hernández ,Servicios Profesionales,Servicios Profesionales,27/7/2026,22595,76815854,Karen Lissette Solórzano de Benavides ,72370538,BH5823,TELE2026$,josue.benavides@doctorsv.gob.sv,
28/8/2026 22:51:55,JUAN RENE ALFARO MACHUCA,Servicios Profesionales,Servicios Profesionales,27/7/2026,11957,75555152,CARMEN ELENA MARTINEZ,77486203,AM5840,TELE2026$,juan.alfaro@doctorsv.gob.sv,P961976-2011; M1717D-2011
29/8/2026 9:49:43,Sandra Fidelina Hernández de Hernández ,Servicios Profesionales,Servicios Profesionales,27/7/2026,20037,74892390,Manuel Alexander Hernández García ,75021123,HD5817,TELE2026$,Sandra.hernandez@doctorsv.gob.sv,
1/9/2026 14:39:41,José David Guatemala Serrano ,Servicios Profesionales,Servicios Profesionales,27/7/2026,19102,75192471,Luz Marina Araniva de Guatemala,72876782,GS5831,TELE2026$,jose.guatemala@doctorsv.gob.sv,P898-846
4/9/2026 9:57:25,RENE MAURICIO REYES TORRES,Servicios Profesionales,Servicios Profesionales,27/7/2026,18715,76593119,MARIA ELINOR TORRES DE REYES,60214866,RT5785,TELE2026$,rene.reyes@doctorsv.gob.sv,P3261A
4/9/2026 10:06:53,Madelin Milena Garay de Chávez ,Servicios Profesionales,Servicios Profesionales,27/7/2026,21622,69918929,Misael Chavez ,79647339,GD5797,TELE2026$,madelin.garay@doctorsv.gob.sv,P970625
4/9/2026 15:44:48,Jakellyne Azucena Jiménez de Samayoa ,Servicios Profesionales,Servicios Profesionales,31/8/2026,"13,084",76823546,José Alberto Samayoa ,78730399,JD5849,TELE2026$,jakellyne.jimenez@doctorsv.gob.sv,7.80E+02
5/9/2026 13:49:33,Rodrigo Josué Guzmán Rosales,Servicios Profesionales,Servicios Profesionales,23/6/2026,26030,75519594,Patricia Arely Rosales Castro,75572179,GR5673,TELE2026$,rodrigo.guzman@doctorsv.gob.sv,
5/9/2026 15:03:10,JORGE IVAN FLORES RAMIREZ,Servicios Profesionales,Servicios Profesionales,27/7/2026,19503,,Veronnica COREAS,78089709,FR5830,TELE2026$,jorge.flores@doctorsv.gob.sv,142B0
5/9/2026 18:00:41,Jhoanna Roselia Berrios de Flores ,Servicios Profesionales,Servicios Profesionales,24/6/2026,19699,60228999,GERSON BALMORE FLORES ,79431090,BD5629,TELE2026$,jhoanna.berrios@doctorsv.gob.sv,P12D72
8/9/2026 9:05:39,Zeida Rossemary Orellana Vasquez,Servicios Profesionales,Servicios Profesionales,27/7/2026,20226,71208545,Jose Medardo Grando Blancos,77496504,OV5842,TELE2026$,zeida.orellana@doctorsv.gob.sv,P825077-2011
8/9/2026 21:13:12,Karen Vanessa Acevedo Amaya ,Grupo 2,Servicios Profesionales,19/2/2025,24253,70020253,Ana Leticia Amaya,70106866,AA459,Teles2025,karen.acevedo@doctorsv.gob.sv,P602D4
9/9/2026 14:06:25,MERLIN ADALY HERNANDEZ VELASQUEZ ,Servicios Profesionales,Servicios Profesionales,1/8/2026,19416,79413710,MARIO NEFTALY HERNANDEZ ,71285064,HD5824,MYQ,merlin.hernandez@doctorsv.gob.sv,P719246
10/9/2026 9:00:03,Monica Elizabeth Mendez de Rodriguez ,Servicios Profesionales,Servicios Profesionales,27/7/2026,13493,7044 9478 ,Juan Alberto Rodriguez Escobar ,79579978,MD5825,TELE2026$,monica.rodriguez@doctorsv.gob.sv,982377
10/9/2026 13:55:31,Jonathan Joaquin Garay Arias,Servicios Profesionales,Servicios Profesionales,17/8/2026,24950,75374163,Rebeca Maria Funes de Garay,76904490,GA5941,TELE2026$,jonathan.garay@doctorsv.gob.sv,818807
,,,,alexandra,,,,,,,,